Use cases,Module (ID),Category,Section,Field (label),Purpose / definition,Required @ go-live,Editable by supplier,Data source,Field Type,Information level (NART vs. Supplier),Dropdown / default source,System of record (after submit),Validation / rules,Used by (workflows),Notes (incl. supplier burden rationale)
MDF,0,General Information,List of impacted NARTs,List of impacted NARTs,Show the supplier the required docuement for the impacted NARTs,Yes,no,Information field (Part of the input from buyer by creating the inquiry workflow in supplier portal.,Information field,Supplier,information only,Keep information as requried in Report & Create PDF based in MDF formular from supplier.,,,Mandatory
MDF,1,General information,Introduction,"Is this product a: Monomer, Polymer or no longer polymer or ""other""?",Legislative statement from supplier,Yes,yes,manual entry by supplier,Dropdown,NART or NART Group,Monomer / Polymer / No-Longer Polymer (NMP) / other,Keep information as requried in Report & Create PDF based in MDF formular from supplier.,,,Mandatory
MDF,1,General information,Introduction,Declaration of comformidity,Comments from supplier,Yes,yes,manual entry by supplier,Freetext,NART or NART Group,Free text field from supplier,Keep information as requried in Report & Create PDF based in MDF formular from supplier.,,,Mandatory
MDF,1,General information,Introduction,Evaluation Procedures,Supplier must inform the way this topic has been confirmed,Yes,yes,manual entry by supplier,Dropdown,NART or NART Group,Presumption (without evidence) / Supplier declaration / Material declaration /  Laboratory analysis / Supplier declaration and material declaration / Supplier declaration and laboratory analysis / Material declaration and laboratory ananlysis,Keep information as requried in Report & Create PDF based in MDF formular from supplier.,,,Mandatory
MDF,2,REACH Registration Status,REACH Registration Status,"Have all substances included in this product been registered? Yes, no, exempt?",,Yes,yes,manual entry by supplier,Dropdown,NART or NART Group,Listed / Not Listed / Exempt,Keep information as requried in Report & Create PDF based in MDF formular from supplier.,,,Mandatory
MDF,2,REACH Registration Status,REACH Registration Status,Are all substances manufactures/sourced from within the EU?,Legislative statement from supplier,Yes,yes,manual entry by supplier,Dropdown,NART or NART Group,All substances manufactured/sourced from within the EU / Not all or no substances manufactured/sourced from within the EU,Keep information as requried in Report & Create PDF based in MDF formular from supplier.,,,Mandatory
MDF,2,REACH,REACH Registration Status,Declaration of comformidity,Comments from supplier,Yes,yes,manual entry by supplier,Freetext,NART or NART Group,Free text field from supplier,Keep information as requried in Report & Create PDF based in MDF formular from supplier.,,,
MDF,2,REACH,REACH Registration Status,Evaluation Procedures,Supplier must informed the way this topic has been confirmed,Yes,yes,manual entry by supplier,Dropdown,NART or NART Group,Presumption (without evidence) / Supplier declaration / Material declaration /  Laboratory analysis / Supplier declaration and material declaration / Supplier declaration and laboratory analysis / Material declaration and laboratory ananlysis,Keep information as requried in Report & Create PDF based in MDF formular from supplier.,,,
MDF,3,REACH,REACh regulation No 1907/2006/EC,"SVHC candidate list (current revision)
Applies to all purchased products and packaging.",Legislative statement from supplier,Yes,yes,manual entry by supplier,Dropdown,NART or NART Group,Complaint / Not Compliant,Keep information as requried in Report & Create PDF based in MDF formular from supplier.,,,Mandatory
MDF,3,REACH,REACh regulation No 1907/2006/EC,Declaration of comformidity,Comments from supplier,Yes,yes,manual entry by supplier,Freetext,NART or NART Group,Free text field from supplier,Keep information as requried in Report & Create PDF based in MDF formular from supplier.,,,
MDF,3,REACH,REACh regulation No 1907/2006/EC,Evaluation Procedures,Supplier must informed the way this topic has been confirmed,Yes,yes,manual entry by supplier,Dropdown,NART or NART Group,Presumption (without evidence) / Supplier declaration / Material declaration /  Laboratory analysis / Supplier declaration and material declaration / Supplier declaration and laboratory analysis / Material declaration and laboratory ananlysis,Keep information as requried in Report & Create PDF based in MDF formular from supplier.,,,
MDF,3,REACH,REACh regulation No 1907/2006/EC,"Annex XIV plus amendments (current revision)
Applies to all purchased products and packaging.",Legislative statement from supplier,Yes,yes,manual entry by supplier,Dropdown,NART or NART Group,Listed / Not Listed / Exempt,Keep information as requried in Report & Create PDF based in MDF formular from supplier.,,,Mandatory
MDF,3,REACH,REACh regulation No 1907/2006/EC,Declaration of comformidity,Comments from supplier,Yes,yes,manual entry by supplier,Freetext,NART or NART Group,Free text field from supplier,Keep information as requried in Report & Create PDF based in MDF formular from supplier.,,,
MDF,3,REACH,REACh regulation No 1907/2006/EC,Evaluation Procedures,Supplier must informed the way this topic has been confirmed,Yes,yes,manual entry by supplier,Dropdown,NART or NART Group,Presumption (without evidence) / Supplier declaration / Material declaration /  Laboratory analysis / Supplier declaration and material declaration / Supplier declaration and laboratory analysis / Material declaration and laboratory ananlysis,Keep information as requried in Report & Create PDF based in MDF formular from supplier.,,,
MDF,3,REACH,REACh regulation No 1907/2006/EC,"Annex XVII plus amendments (current revision)
Applies to all purchased products and packaging.",Legislative statement from supplier,Yes,yes,manual entry by supplier,Dropdown,NART or NART Group,Complaint / Not Compliant,Keep information as requried in Report & Create PDF based in MDF formular from supplier.,,,Mandatory
MDF,3,REACH,REACh regulation No 1907/2006/EC,Declaration of comformidity,Comments from supplier,Yes,yes,manual entry by supplier,Freetext,NART or NART Group,Free text field from supplier,Keep information as requried in Report & Create PDF based in MDF formular from supplier.,,,
MDF,3,REACH,REACh regulation No 1907/2006/EC,Evaluation Procedures,Supplier must informed the way this topic has been confirmed,Yes,yes,manual entry by supplier,Dropdown,NART or NART Group,Presumption (without evidence) / Supplier declaration / Material declaration /  Laboratory analysis / Supplier declaration and material declaration / Supplier declaration and laboratory analysis / Material declaration and laboratory ananlysis,Keep information as requried in Report & Create PDF based in MDF formular from supplier.,,,
MDF,4,Legislations,Chemicals prohibition ordinance ChemVerbotsV,Applies to all purchased products and packaging.,Legislative statement from supplier,Yes,yes,manual entry by supplier,Dropdown,NART or NART Group,Complaint / Not Compliant,Keep information as requried in Report & Create PDF based in MDF formular from supplier.,,,Mandatory
MDF,4,Legislations,Chemicals prohibition ordinance ChemVerbotsV,Declaration of comformidity,Comments from supplier,Yes,yes,manual entry by supplier,Freetext,NART or NART Group,Free text field from supplier,Keep information as requried in Report & Create PDF based in MDF formular from supplier.,,,
MDF,4,Legislations,Chemicals prohibition ordinance ChemVerbotsV,Evaluation Procedures,Supplier must informed the way this topic has been confirmed,Yes,yes,manual entry by supplier,Dropdown,NART or NART Group,Presumption (without evidence) / Supplier declaration / Material declaration /  Laboratory analysis / Supplier declaration and material declaration / Supplier declaration and laboratory analysis / Material declaration and laboratory ananlysis,Keep information as requried in Report & Create PDF based in MDF formular from supplier.,,,
MDF,5,Legislations,POP regulation No 2019/1021/EC,Applies to all purchased products and packaging.,Legislative statement from supplier,Yes,yes,manual entry by supplier,Dropdown,NART or NART Group,Complaint / Not Compliant,Keep information as requried in Report & Create PDF based in MDF formular from supplier.,,,Mandatory
MDF,5,Legislations,POP regulation No 2019/1021/EC,Declaration of comformidity,Comments from supplier,Yes,yes,manual entry by supplier,Freetext,NART or NART Group,Free text field from supplier,Keep information as requried in Report & Create PDF based in MDF formular from supplier.,,,
MDF,5,Legislations,POP regulation No 2019/1021/EC,Evaluation Procedures,Supplier must informed the way this topic has been confirmed,Yes,yes,manual entry by supplier,Dropdown,NART or NART Group,Presumption (without evidence) / Supplier declaration / Material declaration /  Laboratory analysis / Supplier declaration and material declaration / Supplier declaration and laboratory analysis / Material declaration and laboratory ananlysis,Keep information as requried in Report & Create PDF based in MDF formular from supplier.,,,
MDF,6,Legislations,PFOS/PFOA Directive 2006/122/EU,Applies to all purchased products,Legislative statement from supplier,Yes,yes,manual entry by supplier,Dropdown,NART or NART Group,Complaint / Not Compliant,Keep information as requried in Report & Create PDF based in MDF formular from supplier.,,,Mandatory
MDF,6,Legislations,PFOS/PFOA Directive 2006/122/EU,Declaration of comformidity,Comments from supplier,Yes,yes,manual entry by supplier,Freetext,NART or NART Group,Free text field from supplier,Keep information as requried in Report & Create PDF based in MDF formular from supplier.,,,
MDF,6,Legislations,PFOS/PFOA Directive 2006/122/EU,Evaluation Procedures,Supplier must informed the way this topic has been confirmed,Yes,yes,manual entry by supplier,Dropdown,NART or NART Group,Presumption (without evidence) / Supplier declaration / Material declaration /  Laboratory analysis / Supplier declaration and material declaration / Supplier declaration and laboratory analysis / Material declaration and laboratory ananlysis,Keep information as requried in Report & Create PDF based in MDF formular from supplier.,,,
MDF,7,Legislations,Packaging directive 94/62/EC,Applies to all packaging materials for production and sales products.,Legislative statement from supplier,Yes,yes,manual entry by supplier,Dropdown,NART or NART Group,Listed / Not Listed / Exempt,Keep information as requried in Report & Create PDF based in MDF formular from supplier.,,,Mandatory
MDF,7,Legislations,Packaging directive 94/62/EC,Declaration of comformidity,Comments from supplier,Yes,yes,manual entry by supplier,Freetext,NART or NART Group,Free text field from supplier,Keep information as requried in Report & Create PDF based in MDF formular from supplier.,,,
MDF,7,Legislations,Packaging directive 94/62/EC,Evaluation Procedures,Supplier must informed the way this topic has been confirmed,Yes,yes,manual entry by supplier,Dropdown,NART or NART Group,Presumption (without evidence) / Supplier declaration / Material declaration /  Laboratory analysis / Supplier declaration and material declaration / Supplier declaration and laboratory analysis / Material declaration and laboratory ananlysis,Keep information as requried in Report & Create PDF based in MDF formular from supplier.,,,
MDF,8,Legislations,RoHS directive 2011/65/EC incl. amendments,Applies to all purchased products,Legislative statement from supplier,Yes,yes,manual entry by supplier,Dropdown,NART or NART Group,Complaint / Not Compliant,Keep information as requried in Report & Create PDF based in MDF formular from supplier.,,,Mandatory
MDF,8,Legislations,RoHS directive 2011/65/EC incl. amendments,Declaration of comformidity,Comments from supplier,Yes,yes,manual entry by supplier,Freetext,NART or NART Group,Free text field from supplier,Keep information as requried in Report & Create PDF based in MDF formular from supplier.,,,
MDF,8,Legislations,RoHS directive 2011/65/EC incl. amendments,Evaluation Procedures,Supplier must informed the way this topic has been confirmed,Yes,yes,manual entry by supplier,Dropdown,NART or NART Group,Presumption (without evidence) / Supplier declaration / Material declaration /  Laboratory analysis / Supplier declaration and material declaration / Supplier declaration and laboratory analysis / Material declaration and laboratory ananlysis,Keep information as requried in Report & Create PDF based in MDF formular from supplier.,,,
MDF,9,Legislations,ELV directive 2000/53/EC incl. amendments,Applies to all purchased products,Legislative statement from supplier,Yes,yes,manual entry by supplier,Dropdown,NART or NART Group,Complaint / Not Compliant,Keep information as requried in Report & Create PDF based in MDF formular from supplier.,,,Mandatory
MDF,9,Legislations,ELV directive 2000/53/EC incl. amendments,Declaration of comformidity,Comments from supplier,Yes,yes,manual entry by supplier,Freetext,NART or NART Group,Free text field from supplier,Keep information as requried in Report & Create PDF based in MDF formular from supplier.,,,
MDF,9,Legislations,ELV directive 2000/53/EC incl. amendments,Evaluation Procedures,Supplier must informed the way this topic has been confirmed,Yes,yes,manual entry by supplier,Dropdown,NART or NART Group,Presumption (without evidence) / Supplier declaration / Material declaration /  Laboratory analysis / Supplier declaration and material declaration / Supplier declaration and laboratory analysis / Material declaration and laboratory ananlysis,Keep information as requried in Report & Create PDF based in MDF formular from supplier.,,,
MDF,10,Legislations,International Electrotechnical Commission (IEC) 61249-2- 21 standard (Halogens),"International Electrotechnical Commission (IEC) 61249-2- 21 standard (Halogens).
Does this product contain any Halogens above the limits emntioed in the standard",Legislative statement from supplier,Yes,yes,manual entry by supplier,Dropdown,NART or NART Group,Yes/No,Keep information as requried in Report & Create PDF based in MDF formular from supplier.,,,Mandatory
MDF,10,Legislations,International Electrotechnical Commission (IEC) 61249-2- 21 standard (Halogens),"if yes, Please list all inlcuded Halogens with their CAS numbers and concentrations:",Supplier infromation about CAS number for no compliant materials. ,Yes,yes,manual entry by supplier,Freetext,NART or NART Group,Free text field from supplier,Keep information as requried in Report & Create PDF based in MDF formular from supplier.,,,
MDF,10,Legislations,International Electrotechnical Commission (IEC) 61249-2- 21 standard (Halogens),Evaluation Procedures,Supplier must informed the way this topic has been confirmed,Yes,yes,manual entry by supplier,Dropdown,NART or NART Group,Presumption (without evidence) / Supplier declaration / Material declaration /  Laboratory analysis / Supplier declaration and material declaration / Supplier declaration and laboratory analysis / Material declaration and laboratory ananlysis,Keep information as requried in Report & Create PDF based in MDF formular from supplier.,,,
MDF,11,Legislations,Deforestation Regulation (EU) 2023/1115 (EUDR) repealing EU Timber Regulation (EU) No 995/2010 (EUTR),Applies to all purchased products,Legislative statement from supplier,Yes,yes,manual entry by supplier,Dropdown,NART or NART Group,Complaint / Not Compliant,Keep information as requried in Report & Create PDF based in MDF formular from supplier.,,,Mandatory
MDF,11,Legislations,Deforestation Regulation (EU) 2023/1115 (EUDR) repealing EU Timber Regulation (EU) No 995/2010 (EUTR),Declaration of comformidity,Comments from supplier,Yes,yes,manual entry by supplier,Freetext,NART or NART Group,Free text field from supplier,Keep information as requried in Report & Create PDF based in MDF formular from supplier.,,,
MDF,11,Legislations,Deforestation Regulation (EU) 2023/1115 (EUDR) repealing EU Timber Regulation (EU) No 995/2010 (EUTR),Evaluation Procedures,Supplier must informed the way this topic has been confirmed,Yes,yes,manual entry by supplier,Dropdown,NART or NART Group,Presumption (without evidence) / Supplier declaration / Material declaration /  Laboratory analysis / Supplier declaration and material declaration / Supplier declaration and laboratory analysis / Material declaration and laboratory ananlysis,Keep information as requried in Report & Create PDF based in MDF formular from supplier.,,,
MDF,12,Requirements,Halal / Kosher requirements,"Is the product conform with Halal / Kosher requirements, certified by a recognized Kosher and Halal certification body?",Legislative statement from supplier,Yes,yes,manual entry by supplier,Dropdown,NART or NART Group,Yes/No,Keep information as requried in Report & Create PDF based in MDF formular from supplier.,,,Mandatory
MDF,12,Requirements,Halal / Kosher requirements,Please confirm that the above-metioned product does not contain any substances of animal origin or ethanol,Legislative statement from supplier,Yes,yes,manual entry by supplier,Dropdown,NART or NART Group,Complaint / Not Compliant,Keep information as requried in Report & Create PDF based in MDF formular from supplier.,,,Mandatory
MDF,12,Requirements,Halal / Kosher requirements,Please list all included substances of animal origin or ethanol with their CAS numbers and concentrations:,Supplier infromation about CAS number for no compliant materials. ,Yes,yes,manual entry by supplier,Freetext,NART or NART Group,Free text field from supplier,Keep information as requried in Report & Create PDF based in MDF formular from supplier.,,,
MDF,12,Requirements,Halal / Kosher requirements,Evaluation Procedures,Supplier must informed the way this topic has been confirmed,Yes,yes,manual entry by supplier,Dropdown,NART or NART Group,Presumption (without evidence) / Supplier declaration / Material declaration /  Laboratory analysis / Supplier declaration and material declaration / Supplier declaration and laboratory analysis / Material declaration and laboratory ananlysis,Keep information as requried in Report & Create PDF based in MDF formular from supplier.,,,
MDF,13,Requirements,Phthalates,Does this product contain phthalates not listed under ANNEX XVII REACH (entry 51)?,Legislative statement from supplier,Yes,yes,manual entry by supplier,Dropdown,NART or NART Group,Yes/No,Keep information as requried in Report & Create PDF based in MDF formular from supplier.,,,Mandatory
MDF,13,Requirements,Phthalates,Please list all included phthalates except those which are mentioned in ANNEX XVII REACH (entry 51) with their CAS numbers and concentrations:,Supplier infromation about CAS number for no compliant materials. ,Yes,yes,manual entry by supplier,Freetext,NART or NART Group,Free text field from supplier,Keep information as requried in Report & Create PDF based in MDF formular from supplier.,,,
MDF,13,Requirements,Phthalates,Evaluation Procedures,Supplier must informed the way this topic has been confirmed,Yes,yes,manual entry by supplier,Dropdown,NART or NART Group,Presumption (without evidence) / Supplier declaration / Material declaration /  Laboratory analysis / Supplier declaration and material declaration / Supplier declaration and laboratory analysis / Material declaration and laboratory ananlysis,Keep information as requried in Report & Create PDF based in MDF formular from supplier.,,,
MDF,14,Requirements,Mineral Oil,Does this product contain mineral oils (MOSH/MOAH)?,Legislative statement from supplier,Yes,yes,manual entry by supplier,Dropdown,NART or NART Group,Yes/No,Keep information as requried in Report & Create PDF based in MDF formular from supplier.,,,Mandatory
MDF,14,Requirements,Mineral Oil,Please list all included mineral oils with their CAS numbers and concentrations:,Supplier infromation about CAS number for no compliant materials. ,Yes,yes,manual entry by supplier,Freetext,NART or NART Group,Free text field from supplier,Keep information as requried in Report & Create PDF based in MDF formular from supplier.,,,
MDF,14,Requirements,Mineral Oil,Evaluation Procedures,Supplier must informed the way this topic has been confirmed,Yes,yes,manual entry by supplier,Dropdown,NART or NART Group,Presumption (without evidence) / Supplier declaration / Material declaration /  Laboratory analysis / Supplier declaration and material declaration / Supplier declaration and laboratory analysis / Material declaration and laboratory ananlysis,Keep information as requried in Report & Create PDF based in MDF formular from supplier.,,,
MDF,15,Requirements,Antimony,Does this product contain antimony or other antimony compounds?,Legislative statement from supplier,Yes,yes,manual entry by supplier,Dropdown,NART or NART Group,Yes/No,Keep information as requried in Report & Create PDF based in MDF formular from supplier.,,,Mandatory
MDF,15,Requirements,Antimony,Please list all included antimony compounds with their CAS numbers and concentrations:,Supplier infromation about CAS number for no compliant materials. ,Yes,yes,manual entry by supplier,Freetext,NART or NART Group,Free text field from supplier,Keep information as requried in Report & Create PDF based in MDF formular from supplier.,,,
MDF,15,Requirements,Antimony,Evaluation Procedures,Supplier must informed the way this topic has been confirmed,Yes,yes,manual entry by supplier,Dropdown,NART or NART Group,Presumption (without evidence) / Supplier declaration / Material declaration /  Laboratory analysis / Supplier declaration and material declaration / Supplier declaration and laboratory analysis / Material declaration and laboratory ananlysis,Keep information as requried in Report & Create PDF based in MDF formular from supplier.,,,
MDF,16,Requirements,Silicone,Does this product contain silicone or other silicone compounds?,,Yes,yes,manual entry by supplier,Dropdown,NART or NART Group,Yes/No,Keep information as requried in Report & Create PDF based in MDF formular from supplier.,,,Mandatory
MDF,16,Requirements,Silicone,Please list all included silicone compounds with their CAS numbers and concentrations:,Supplier infromation about CAS number for no compliant materials. ,Yes,yes,manual entry by supplier,Freetext,NART or NART Group,Free text field from supplier,Keep information as requried in Report & Create PDF based in MDF formular from supplier.,,,
MDF,16,Requirements,Silicone,Evaluation Procedures,Supplier must informed the way this topic has been confirmed,Yes,yes,manual entry by supplier,Dropdown,NART or NART Group,Presumption (without evidence) / Supplier declaration / Material declaration /  Laboratory analysis / Supplier declaration and material declaration / Supplier declaration and laboratory analysis / Material declaration and laboratory ananlysis,Keep information as requried in Report & Create PDF based in MDF formular from supplier.,,,
MDF,17,Requirements,Microplastics / Synthetic polymer microparticles (SPM),Does your product contain any microplastics as mentioned in Commission Regulation (EU) 2023/2055?,Legislative statement from supplier,Yes,yes,manual entry by supplier,Dropdown,NART or NART Group,Complaint / Not Compliant / Not Affected,Keep information as requried in Report & Create PDF based in MDF formular from supplier.,,,Mandatory
MDF,17,Requirements,Microplastics / Synthetic polymer microparticles (SPM),Declaration of comformidity,Comments from supplier,Yes,yes,manual entry by supplier,Freetext,NART or NART Group,Free text field from supplier,Keep information as requried in Report & Create PDF based in MDF formular from supplier.,,,
MDF,17,Requirements,Microplastics / Synthetic polymer microparticles (SPM),Evaluation Procedures,Supplier must informed the way this topic has been confirmed,Yes,yes,manual entry by supplier,Dropdown,NART or NART Group,Presumption (without evidence) / Supplier declaration / Material declaration /  Laboratory analysis / Supplier declaration and material declaration / Supplier declaration and laboratory analysis / Material declaration and laboratory ananlysis,Keep information as requried in Report & Create PDF based in MDF formular from supplier.,,,
MDF,18,Requirements,Nanomaterial,Does the product contain any substances classed as a nanomaterial as per Commission Recommendation of 18 October 2011?,,Yes,yes,manual entry by supplier,Dropdown,NART or NART Group,Yes/No,Keep information as requried in Report & Create PDF based in MDF formular from supplier.,,,Mandatory
MDF,18,Requirements,Nanomaterial,"If yes, which particle size?
Please list the particle size of the nano substance:",Comments from supplier,Yes,yes,manual entry by supplier,Freetext,NART or NART Group,Free text field from supplier,Keep information as requried in Report & Create PDF based in MDF formular from supplier.,,,
MDF,18,Requirements,Nanomaterial,Evaluation Procedures,Supplier must informed the way this topic has been confirmed,Yes,yes,manual entry by supplier,Dropdown,NART or NART Group,Presumption (without evidence) / Supplier declaration / Material declaration /  Laboratory analysis / Supplier declaration and material declaration / Supplier declaration and laboratory analysis / Material declaration and laboratory ananlysis,Keep information as requried in Report & Create PDF based in MDF formular from supplier.,,,
MDF,19,Requirements,"Biocides Directive 98/8/EC, as amended by Ordinance EU 528/2012?",Does this product contain any biocidal substances as mentioned in Ordinance EU 528/2012? ,,Yes,yes,manual entry by supplier,Dropdown,NART or NART Group,Yes/No,Keep information as requried in Report & Create PDF based in MDF formular from supplier.,,,Mandatory
MDF,19,Requirements,"Biocides Directive 98/8/EC, as amended by Ordinance EU 528/2012?","If it is a biocidal product in which country has this product been registered or authorized for which product type?
List of registered countries and product type:",Comments from supplier,Yes,yes,manual entry by supplier,Freetext,NART or NART Group,Free text field from supplier,Keep information as requried in Report & Create PDF based in MDF formular from supplier.,,,
MDF,19,Requirements,"Biocides Directive 98/8/EC, as amended by Ordinance EU 528/2012?",Evaluation Procedures,Supplier must informed the way this topic has been confirmed,Yes,yes,manual entry by supplier,Dropdown,NART or NART Group,Presumption (without evidence) / Supplier declaration / Material declaration /  Laboratory analysis / Supplier declaration and material declaration / Supplier declaration and laboratory analysis / Material declaration and laboratory ananlysis,Keep information as requried in Report & Create PDF based in MDF formular from supplier.,,,
MDF,20,Requirements,Ozone Depleting Substances (ODS) Regulation (EC) No 1005/2009,Does this product contain Ozone depleting substances as per Regulation (EC) No 1005/2009 ,Legislative statement from supplier,Yes,yes,manual entry by supplier,Dropdown,NART or NART Group,Complaint / Not Compliant,Keep information as requried in Report & Create PDF based in MDF formular from supplier.,,,Mandatory
MDF,20,Requirements,Ozone Depleting Substances (ODS) Regulation (EC) No 1005/2009,Declaration of comformidity,Comments from supplier,Yes,yes,manual entry by supplier,Freetext,NART or NART Group,Free text field from supplier,Keep information as requried in Report & Create PDF based in MDF formular from supplier.,,,
MDF,20,Requirements,Ozone Depleting Substances (ODS) Regulation (EC) No 1005/2009,Evaluation Procedures,Supplier must informed the way this topic has been confirmed,Yes,yes,manual entry by supplier,Dropdown,NART or NART Group,Presumption (without evidence) / Supplier declaration / Material declaration /  Laboratory analysis / Supplier declaration and material declaration / Supplier declaration and laboratory analysis / Material declaration and laboratory ananlysis,Keep information as requried in Report & Create PDF based in MDF formular from supplier.,,,
MDF,21,Requirements,Dual Use Substances,"Does the product contain any Dual Use Substances as per COMMISSION DELEGATED REGULATION (EU) 2023/2616
of 15 September 2023 amending Regulation (EU) 2021/821 of the European Parliament and of the Council as regards 
the list of dual-use items?",Legislative statement from supplier,,yes,manual entry by supplier,Dropdown,NART or NART Group, This product does not contain any dual-use substances / This product does contain dual-use substances,Keep information as requried in Report & Create PDF based in MDF formular from supplier.,,,Mandatory
MDF,21,Requirements,Dual Use Substances,Declaration of comformidity,Comments from supplier,Yes,yes,manual entry by supplier,Freetext,NART or NART Group,Free text field from supplier,Keep information as requried in Report & Create PDF based in MDF formular from supplier.,,,
MDF,21,Requirements,Dual Use Substances,Evaluation Procedures,Supplier must informed the way this topic has been confirmed,Yes,yes,manual entry by supplier,Dropdown,NART or NART Group,Presumption (without evidence) / Supplier declaration / Material declaration /  Laboratory analysis / Supplier declaration and material declaration / Supplier declaration and laboratory analysis / Material declaration and laboratory ananlysis,Keep information as requried in Report & Create PDF based in MDF formular from supplier.,,,
MDF,22,Conflict Minerals,Responsible Minerals Sourcing (EU and US Legislative),"Applies to all purchased products
Please fill in the additional templates for CMRT & EMRT
https://www.responsiblemineralsinitiative.org/reporting-templates/cmrt/
https://www.responsiblemineralsinitiative.org/reporting-templates/emrt/",Legislative statement from supplier,Yes,yes,manual entry by supplier,Dropdown,NART or NART Group,Complaint / Not Compliant / Not Affected,Keep information as requried in Report & Create PDF based in MDF formular from supplier.,,,Mandatory
MDF,22,Conflict Minerals,Responsible Minerals Sourcing (EU and US Legislative),Declaration of comformidity,Legislative statement from supplier,Yes,yes,manual entry by supplier,Dropdown,NART or NART Group,"Intentionally added Minerals, which are subject under the term ""responsible sourcing"", are only extracted from conformant smelters / Minerals, which are subject under the term ""responsible sourcing"", are not intentionally (e.g., impurities) added / Intentionally added Minerals, which are subject under the term ""responsible sourcing"", are (partly) extracted from non-conformant and/or active smelters",Keep information as requried in Report & Create PDF based in MDF formular from supplier.,,,
MDF,22,Conflict Minerals,Responsible Minerals Sourcing (EU and US Legislative),"in case CMRT & EMRT are required, please upload the document",Reports required if producted is impacted ,Yes,yes,manual entry by supplier,File upload,NART or NART Group,file upload,Keep information as requried in Report & Create PDF based in MDF formular from supplier.,,,Mandatory only if it is required by point above
MDF,22,Conflict Minerals,Responsible Minerals Sourcing (EU and US Legislative),Evaluation Procedures,Supplier must informed the way this topic has been confirmed,Yes,yes,manual entry by supplier,Dropdown,NART or NART Group,Presumption (without evidence) / Supplier declaration / Material declaration /  Laboratory analysis / Supplier declaration and material declaration / Supplier declaration and laboratory analysis / Material declaration and laboratory ananlysis,Keep information as requried in Report & Create PDF based in MDF formular from supplier.,,,
MDF,23,Forever Chemicals,PFAS,"Please refer to PFAS OECD list 2024
Applies to all purchased products",Legislative statement from supplier,Yes,yes,manual entry by supplier,Dropdown,NART or NART Group,Not intentionally added / Intentionally added,Keep information as requried in Report & Create PDF based in MDF formular from supplier.,,,Mandatory
MDF,24,Requirements,Global automotive declarable substance list (GADSL),"Global automotive declarable substance list (GADSL)
https://www.gadsl.org/",Legislative statement from supplier,Yes,yes,manual entry by supplier,Dropdown,NART or NART Group,This product does not contain any GADSL listet substances / This product does contain GADSL listet substances,Keep information as requried in Report & Create PDF based in MDF formular from supplier.,,,Mandatory
MDF,24,Requirements,Global automotive declarable substance list (GADSL),Please list all GADSL listet substances including the CAS numbers and concentrations:,Comments from supplier,Yes,yes,manual entry by supplier,Freetext,NART or NART Group,Free text field from supplier,Keep information as requried in Report & Create PDF based in MDF formular from supplier.,,,
MDF,24,Requirements,Global automotive declarable substance list (GADSL),Evaluation Procedures,Supplier must informed the way this topic has been confirmed,Yes,yes,manual entry by supplier,Dropdown,NART or NART Group,Presumption (without evidence) / Supplier declaration / Material declaration /  Laboratory analysis / Supplier declaration and material declaration / Supplier declaration and laboratory analysis / Material declaration and laboratory ananlysis,Keep information as requried in Report & Create PDF based in MDF formular from supplier.,,,
MDF,25,Requirements,California Proposition 65,Applies to all purchased products,Legislative statement from supplier,Yes,yes,manual entry by supplier,Dropdown,NART or NART Group,Complaint / Not Compliant,Keep information as requried in Report & Create PDF based in MDF formular from supplier.,,,Mandatory
MDF,25,Requirements,California Proposition 65,Declaration of comformidity,Comments from supplier,Yes,yes,manual entry by supplier,Dropdown,NART or NART Group,"Does not contain substances listed in California Proposition 65 / It cannot be excluded that these products may contain cancer-causing chemicals or that the chemicals contained could cause birth defects or reproductive damage. / This product contains chemicals known to the State of California to cause cancer, birth defects or other reproductive harm",Keep information as requried in Report & Create PDF based in MDF formular from supplier.,,,
MDF,25,Requirements,California Proposition 65,Evaluation Procedures,Supplier must informed the way this topic has been confirmed,Yes,yes,manual entry by supplier,Dropdown,NART or NART Group,Presumption (without evidence) / Supplier declaration / Material declaration /  Laboratory analysis / Supplier declaration and material declaration / Supplier declaration and laboratory analysis / Material declaration and laboratory ananlysis,Keep information as requried in Report & Create PDF based in MDF formular from supplier.,,,
MDF,26,Requirements,"Food allergen(s) EU 1169/2011, Annex II","Does the product contain food allergen(s) mentioned in the Regulation (EU) 1169/2011, Annex II?",,Yes,yes,manual entry by supplier,Dropdown,NART or NART Group,Yes/No,Keep information as requried in Report & Create PDF based in MDF formular from supplier.,,,Mandatory
MDF,26,Requirements,"Food allergen(s) EU 1169/2011, Annex II",Please list all included food allergens with their CAS numbers and concentrations:,Comments from supplier,Yes,yes,manual entry by supplier,Freetext,NART or NART Group,Free text field from supplier,Keep information as requried in Report & Create PDF based in MDF formular from supplier.,,,
MDF,26,Requirements,"Food allergen(s) EU 1169/2011, Annex II",Evaluation Procedures,Supplier must informed the way this topic has been confirmed,Yes,yes,manual entry by supplier,Dropdown,NART or NART Group,Presumption (without evidence) / Supplier declaration / Material declaration /  Laboratory analysis / Supplier declaration and material declaration / Supplier declaration and laboratory analysis / Material declaration and laboratory ananlysis,Keep information as requried in Report & Create PDF based in MDF formular from supplier.,,,
MDF,27,Requirements,EU Food contact status,"Regulation (EC) No 1935/2004 of the European Parliament and of the Council of 27 October 2004 on materials and articles intended to come into contact with foodstuffs and repealing Regulation (EC) No 1935/2004 of the European Parliament and of the Council of 27 October 2004 on materials and articles intended to come into contact with foodstuffs
Directives 80/590/EEC and 89/109/EEC, Official Journal of the European Union L 338/4 of 13 November 2004, as last amended by Article 5 of Regulation (EU) 2019/1381 of 20 June 2019, Official Journal of the European Union L 231/1 of 6 September, Article 3(1)(a) and (b) ",Legislative statement from supplier,Yes,yes,manual entry by supplier,Dropdown,NART or NART Group,Exempt / Complaint / Not Compliant,Keep information as requried in Report & Create PDF based in MDF formular from supplier.,,,Mandatory
MDF,27,Requirements,EU Food contact status,Please state EU foodlaw status of your product incl. the relevant paragpraph,Comments from supplier,Yes,yes,manual entry by supplier,Freetext,NART or NART Group,Free text field from supplier,Keep information as requried in Report & Create PDF based in MDF formular from supplier.,,,
MDF,27,Requirements,EU Food contact status,Evaluation Procedures,Supplier must informed the way this topic has been confirmed,Yes,yes,manual entry by supplier,Dropdown,NART or NART Group,Presumption (without evidence) / Supplier declaration / Material declaration /  Laboratory analysis / Supplier declaration and material declaration / Supplier declaration and laboratory analysis / Material declaration and laboratory ananlysis,Keep information as requried in Report & Create PDF based in MDF formular from supplier.,,,
MDF,27,Requirements,EU Food contact status,"Lebensmittel-, Bedarfsgegenstände, - und Futtermittelgesetzbuches (Lebensmittel- und Futtermittelgesetzbuch– LFGB) of the Food, Consumer Goods, and Feed Code (Food and Feed Code – LFGB) in the version published on 15 September 2021 (Federal Law Gazette I p. 4253), last amended by Article 7 of the Act of 27 September 2021 (Federal Law Gazette I p. 4530), §§ 30 and 31",Comments from supplier,Yes,yes,manual entry by supplier,Dropdown,NART or NART Group,Exempt / Complaint / Not Compliant,Keep information as requried in Report & Create PDF based in MDF formular from supplier.,,,Mandatory
MDF,27,Requirements,EU Food contact status,Please state EU foodlaw status of your product incl. the relevant paragpraph,,Yes,yes,manual entry by supplier,Freetext,NART or NART Group,Free text field from supplier,Keep information as requried in Report & Create PDF based in MDF formular from supplier.,,,
MDF,27,Requirements,EU Food contact status,Evaluation Procedures,Comments from supplier,Yes,yes,manual entry by supplier,Dropdown,NART or NART Group,Presumption (without evidence) / Supplier declaration / Material declaration /  Laboratory analysis / Supplier declaration and material declaration / Supplier declaration and laboratory analysis / Material declaration and laboratory ananlysis,Keep information as requried in Report & Create PDF based in MDF formular from supplier.,,,
MDF,27,Requirements,EU Food contact status,COMMISSION REGULATION (EU) No 10/2011,Legislative statement from supplier,Yes,yes,manual entry by supplier,Dropdown,NART or NART Group,Listed / Not Listed,Keep information as requried in Report & Create PDF based in MDF formular from supplier.,,,Mandatory
MDF,27,Requirements,EU Food contact status,Please state EU foodlaw status of your product incl. the relevant paragpraph,,Yes,yes,manual entry by supplier,Freetext,NART or NART Group,Free text field from supplier,Keep information as requried in Report & Create PDF based in MDF formular from supplier.,,,
MDF,27,Requirements,EU Food contact status,Evaluation Procedures,Supplier must informed the way this topic has been confirmed,Yes,yes,manual entry by supplier,Dropdown,NART or NART Group,Presumption (without evidence) / Supplier declaration / Material declaration /  Laboratory analysis / Supplier declaration and material declaration / Supplier declaration and laboratory analysis / Material declaration and laboratory ananlysis,Keep information as requried in Report & Create PDF based in MDF formular from supplier.,,,
MDF,27,Requirements,EU Food contact status,"Has this product been manufactured as per the principles and guidelines of good manufacturing practise (GMP))
https://health.ec.europa.eu/medicinal-products/eudralex/eudralex-volume-4_en",Legislative statement from supplier,Yes,yes,manual entry by supplier,Dropdown,NART or NART Group,Yes / No,Keep information as requried in Report & Create PDF based in MDF formular from supplier.,,,Mandatory
MDF,27,Requirements,EU Food contact status,Please state EU foodlaw status of your product incl. the relevant paragpraph,,Yes,yes,manual entry by supplier,Freetext,NART or NART Group,Free text field from supplier,Keep information as requried in Report & Create PDF based in MDF formular from supplier.,,,
MDF,27,Requirements,EU Food contact status,Evaluation Procedures,Supplier must informed the way this topic has been confirmed,Yes,yes,manual entry by supplier,Dropdown,NART or NART Group,Presumption (without evidence) / Supplier declaration / Material declaration /  Laboratory analysis / Supplier declaration and material declaration / Supplier declaration and laboratory analysis / Material declaration and laboratory ananlysis,Keep information as requried in Report & Create PDF based in MDF formular from supplier.,,,
MDF,28,Requirements,US FDA Status,Is your product compliant with USA FDA regulations for food contact? Please state the US FDA paragraph,Legislative statement from supplier,Yes,yes,manual entry by supplier,Dropdown,NART or NART Group,Exempt / Complaint / Not Compliant,Keep information as requried in Report & Create PDF based in MDF formular from supplier.,,,Mandatory
MDF,28,Requirements,US FDA Status,Please state foodlaw status of your product incl. the relevant US FDA paragpraph,Comments from supplier,Yes,yes,manual entry by supplier,Freetext,NART or NART Group,Free text field from supplier,Keep information as requried in Report & Create PDF based in MDF formular from supplier.,,,
MDF,28,Requirements,US FDA Status,Evaluation Procedures,Supplier must informed the way this topic has been confirmed,Yes,yes,manual entry by supplier,Dropdown,NART or NART Group,Presumption (without evidence) / Supplier declaration / Material declaration /  Laboratory analysis / Supplier declaration and material declaration / Supplier declaration and laboratory analysis / Material declaration and laboratory ananlysis,Keep information as requried in Report & Create PDF based in MDF formular from supplier.,,,
MDF,29,Requirements,Global Inventory Status for USA (TSCA),Global Inventory Status,Legislative statement from supplier,Yes,yes,manual entry by supplier,Dropdown,NART or NART Group,Exempt / Complaint / Not Compliant,Keep information as requried in Report & Create PDF based in MDF formular from supplier.,,,Mandatory
MDF,29,Requirements,Global Inventory Status for USA (TSCA),Substance,Comments from supplier,Yes,yes,manual entry by supplier,Freetext,NART or NART Group,Free text field from supplier,Keep information as requried in Report & Create PDF based in MDF formular from supplier.,,,
MDF,29,Requirements,Global Inventory Status for USA (TSCA),Evaluation Procedures,Supplier must informed the way this topic has been confirmed,Yes,yes,manual entry by supplier,Dropdown,NART or NART Group,Presumption (without evidence) / Supplier declaration / Material declaration /  Laboratory analysis / Supplier declaration and material declaration / Supplier declaration and laboratory analysis / Material declaration and laboratory ananlysis,Keep information as requried in Report & Create PDF based in MDF formular from supplier.,,,
MDF,29,Requirements,Global Inventory Status for Canada (DSL),Canada (DSL),Legislative statement from supplier,Yes,yes,manual entry by supplier,Dropdown,NART or NART Group,Exempt / Complaint / Not Compliant,Keep information as requried in Report & Create PDF based in MDF formular from supplier.,,,Mandatory
MDF,29,Requirements,Global Inventory Status for Canada (DSL),Substance,Comments from supplier,Yes,yes,manual entry by supplier,Freetext,NART or NART Group,Free text field from supplier,Keep information as requried in Report & Create PDF based in MDF formular from supplier.,,,
MDF,29,Requirements,Global Inventory Status for Canada (DSL),Evaluation Procedures,Supplier must informed the way this topic has been confirmed,Yes,yes,manual entry by supplier,Dropdown,NART or NART Group,Presumption (without evidence) / Supplier declaration / Material declaration /  Laboratory analysis / Supplier declaration and material declaration / Supplier declaration and laboratory analysis / Material declaration and laboratory ananlysis,Keep information as requried in Report & Create PDF based in MDF formular from supplier.,,,
MDF,29,Requirements,Global Inventory Status for Canada (NDSL),Canada (NDSL),Legislative statement from supplier,Yes,yes,manual entry by supplier,Dropdown,NART or NART Group,Exempt / Complaint / Not Compliant,Keep information as requried in Report & Create PDF based in MDF formular from supplier.,,,Mandatory
MDF,29,Requirements,Global Inventory Status for Canada (NDSL),Substance,Comments from supplier,Yes,yes,manual entry by supplier,Freetext,NART or NART Group,Free text field from supplier,Keep information as requried in Report & Create PDF based in MDF formular from supplier.,,,
MDF,29,Requirements,Global Inventory Status for Canada (NDSL),Evaluation Procedures,Supplier must informed the way this topic has been confirmed,Yes,yes,manual entry by supplier,Dropdown,NART or NART Group,Presumption (without evidence) / Supplier declaration / Material declaration /  Laboratory analysis / Supplier declaration and material declaration / Supplier declaration and laboratory analysis / Material declaration and laboratory ananlysis,Keep information as requried in Report & Create PDF based in MDF formular from supplier.,,,
MDF,29,Requirements,Global Inventory Status for China (IECSC) ,China (IECSC) ,Legislative statement from supplier,Yes,yes,manual entry by supplier,Dropdown,NART or NART Group,Exempt / Complaint / Not Compliant,Keep information as requried in Report & Create PDF based in MDF formular from supplier.,,,Mandatory
MDF,29,Requirements,Global Inventory Status for China (IECSC) ,Substance,Comments from supplier,Yes,yes,manual entry by supplier,Freetext,NART or NART Group,Free text field from supplier,Keep information as requried in Report & Create PDF based in MDF formular from supplier.,,,
MDF,29,Requirements,Global Inventory Status for China (IECSC) ,Evaluation Procedures,Supplier must informed the way this topic has been confirmed,Yes,yes,manual entry by supplier,Dropdown,NART or NART Group,Presumption (without evidence) / Supplier declaration / Material declaration /  Laboratory analysis / Supplier declaration and material declaration / Supplier declaration and laboratory analysis / Material declaration and laboratory ananlysis,Keep information as requried in Report & Create PDF based in MDF formular from supplier.,,,
MDF,29,Requirements,Global Inventory Status for Korea (KECI),Korea (KECI),Legislative statement from supplier,Yes,yes,manual entry by supplier,Dropdown,NART or NART Group,Exempt / Complaint / Not Compliant,Keep information as requried in Report & Create PDF based in MDF formular from supplier.,,,Mandatory
MDF,29,Requirements,Global Inventory Status for Korea (KECI),Substance,Comments from supplier,Yes,yes,manual entry by supplier,Freetext,NART or NART Group,Free text field from supplier,Keep information as requried in Report & Create PDF based in MDF formular from supplier.,,,
MDF,29,Requirements,Global Inventory Status for Korea (KECI),Evaluation Procedures,Supplier must informed the way this topic has been confirmed,Yes,yes,manual entry by supplier,Dropdown,NART or NART Group,Presumption (without evidence) / Supplier declaration / Material declaration /  Laboratory analysis / Supplier declaration and material declaration / Supplier declaration and laboratory analysis / Material declaration and laboratory ananlysis,Keep information as requried in Report & Create PDF based in MDF formular from supplier.,,,
MDF,29,Requirements,Global Inventory Status for New Zealand (NZIOC),New Zealand (NZIOC),Legislative statement from supplier,Yes,yes,manual entry by supplier,Dropdown,NART or NART Group,Exempt / Complaint / Not Compliant,Keep information as requried in Report & Create PDF based in MDF formular from supplier.,,,Mandatory
MDF,29,Requirements,Global Inventory Status for New Zealand (NZIOC),Substance,Comments from supplier,Yes,yes,manual entry by supplier,Freetext,NART or NART Group,Free text field from supplier,Keep information as requried in Report & Create PDF based in MDF formular from supplier.,,,
MDF,29,Requirements,Global Inventory Status for New Zealand (NZIOC),Evaluation Procedures,Supplier must informed the way this topic has been confirmed,Yes,yes,manual entry by supplier,Dropdown,NART or NART Group,Presumption (without evidence) / Supplier declaration / Material declaration /  Laboratory analysis / Supplier declaration and material declaration / Supplier declaration and laboratory analysis / Material declaration and laboratory ananlysis,Keep information as requried in Report & Create PDF based in MDF formular from supplier.,,,
MDF,29,Requirements,Global Inventory Status for Philippines (PICCS),Philippines (PICCS),Legislative statement from supplier,Yes,yes,manual entry by supplier,Dropdown,NART or NART Group,Exempt / Complaint / Not Compliant,Keep information as requried in Report & Create PDF based in MDF formular from supplier.,,,Mandatory
MDF,29,Requirements,Global Inventory Status for Philippines (PICCS),Substance,Comments from supplier,Yes,yes,manual entry by supplier,Freetext,NART or NART Group,Free text field from supplier,Keep information as requried in Report & Create PDF based in MDF formular from supplier.,,,
MDF,29,Requirements,Global Inventory Status for Philippines (PICCS),Evaluation Procedures,Supplier must informed the way this topic has been confirmed,Yes,yes,manual entry by supplier,Dropdown,NART or NART Group,Presumption (without evidence) / Supplier declaration / Material declaration /  Laboratory analysis / Supplier declaration and material declaration / Supplier declaration and laboratory analysis / Material declaration and laboratory ananlysis,Keep information as requried in Report & Create PDF based in MDF formular from supplier.,,,
MDF,29,Requirements,"Global Inventory Status for Japan (ENCS), (ISHL)","Japan (ENCS), (ISHL)",Legislative statement from supplier,Yes,yes,manual entry by supplier,Dropdown,NART or NART Group,Exempt / Complaint / Not Compliant,Keep information as requried in Report & Create PDF based in MDF formular from supplier.,,,Mandatory
MDF,29,Requirements,"Global Inventory Status for Japan (ENCS), (ISHL)",Substance,Comments from supplier,Yes,yes,manual entry by supplier,Freetext,NART or NART Group,Free text field from supplier,Keep information as requried in Report & Create PDF based in MDF formular from supplier.,,,
MDF,29,Requirements,"Global Inventory Status for Japan (ENCS), (ISHL)",Evaluation Procedures,Supplier must informed the way this topic has been confirmed,Yes,yes,manual entry by supplier,Dropdown,NART or NART Group,Presumption (without evidence) / Supplier declaration / Material declaration /  Laboratory analysis / Supplier declaration and material declaration / Supplier declaration and laboratory analysis / Material declaration and laboratory ananlysis,Keep information as requried in Report & Create PDF based in MDF formular from supplier.,,,
MDF,29,Requirements,Global Inventory Status for Taiwan (TSCI),Taiwan (TSCI),Legislative statement from supplier,Yes,yes,manual entry by supplier,Dropdown,NART or NART Group,Exempt / Complaint / Not Compliant,Keep information as requried in Report & Create PDF based in MDF formular from supplier.,,,Mandatory
MDF,29,Requirements,Global Inventory Status for Taiwan (TSCI),Substance,Comments from supplier,Yes,yes,manual entry by supplier,Freetext,NART or NART Group,Free text field from supplier,Keep information as requried in Report & Create PDF based in MDF formular from supplier.,,,
MDF,29,Requirements,Global Inventory Status for Taiwan (TSCI),Evaluation Procedures,Supplier must informed the way this topic has been confirmed,Yes,yes,manual entry by supplier,Dropdown,NART or NART Group,Presumption (without evidence) / Supplier declaration / Material declaration /  Laboratory analysis / Supplier declaration and material declaration / Supplier declaration and laboratory analysis / Material declaration and laboratory ananlysis,Keep information as requried in Report & Create PDF based in MDF formular from supplier.,,,
MDF,29,Requirements,Global Inventory Status for Mexico (INSQ),Mexico (INSQ),Legislative statement from supplier,Yes,yes,manual entry by supplier,Dropdown,NART or NART Group,Exempt / Complaint / Not Compliant,Keep information as requried in Report & Create PDF based in MDF formular from supplier.,,,Mandatory
MDF,29,Requirements,Global Inventory Status for Mexico (INSQ),Substance,Comments from supplier,Yes,yes,manual entry by supplier,Freetext,NART or NART Group,Free text field from supplier,Keep information as requried in Report & Create PDF based in MDF formular from supplier.,,,
MDF,29,Requirements,Global Inventory Status for Mexico (INSQ),Evaluation Procedures,Supplier must informed the way this topic has been confirmed,Yes,yes,manual entry by supplier,Dropdown,NART or NART Group,Presumption (without evidence) / Supplier declaration / Material declaration /  Laboratory analysis / Supplier declaration and material declaration / Supplier declaration and laboratory analysis / Material declaration and laboratory ananlysis,Keep information as requried in Report & Create PDF based in MDF formular from supplier.,,,
MDF,29,Requirements,Global Inventory Status for Malaysia (EMS),Malaysia (EMS),Legislative statement from supplier,Yes,yes,manual entry by supplier,Dropdown,NART or NART Group,Exempt / Complaint / Not Compliant,Keep information as requried in Report & Create PDF based in MDF formular from supplier.,,,Mandatory
MDF,29,Requirements,Global Inventory Status for Malaysia (EMS),Substance,Comments from supplier,Yes,yes,manual entry by supplier,Freetext,NART or NART Group,Free text field from supplier,Keep information as requried in Report & Create PDF based in MDF formular from supplier.,,,
MDF,29,Requirements,Global Inventory Status for Malaysia (EMS),Evaluation Procedures,Supplier must informed the way this topic has been confirmed,Yes,yes,manual entry by supplier,Dropdown,NART or NART Group,Presumption (without evidence) / Supplier declaration / Material declaration /  Laboratory analysis / Supplier declaration and material declaration / Supplier declaration and laboratory analysis / Material declaration and laboratory ananlysis,Keep information as requried in Report & Create PDF based in MDF formular from supplier.,,,
MDF,29,Requirements,Global Inventory Status for Malaysia (EHSNR),Malaysia (EHSNR),Legislative statement from supplier,Yes,yes,manual entry by supplier,Dropdown,NART or NART Group,Exempt / Complaint / Not Compliant,Keep information as requried in Report & Create PDF based in MDF formular from supplier.,,,Mandatory
MDF,29,Requirements,Global Inventory Status for Malaysia (EHSNR),Substance,Comments from supplier,Yes,yes,manual entry by supplier,Freetext,NART or NART Group,Free text field from supplier,Keep information as requried in Report & Create PDF based in MDF formular from supplier.,,,
MDF,29,Requirements,Global Inventory Status for Malaysia (EHSNR),Evaluation Procedures,Supplier must informed the way this topic has been confirmed,Yes,yes,manual entry by supplier,Dropdown,NART or NART Group,Presumption (without evidence) / Supplier declaration / Material declaration /  Laboratory analysis / Supplier declaration and material declaration / Supplier declaration and laboratory analysis / Material declaration and laboratory ananlysis,Keep information as requried in Report & Create PDF based in MDF formular from supplier.,,,
MDF,29,Requirements,Global Inventory Status for Australia (AICS),Australia (AICS),Legislative statement from supplier,Yes,yes,manual entry by supplier,Dropdown,NART or NART Group,Exempt / Complaint / Not Compliant,Keep information as requried in Report & Create PDF based in MDF formular from supplier.,,,Mandatory
MDF,29,Requirements,Global Inventory Status for Australia (AICS),Substance,Comments from supplier,Yes,yes,manual entry by supplier,Freetext,NART or NART Group,Free text field from supplier,Keep information as requried in Report & Create PDF based in MDF formular from supplier.,,,
MDF,29,Requirements,Global Inventory Status for Australia (AICS),Evaluation Procedures,Supplier must informed the way this topic has been confirmed,Yes,yes,manual entry by supplier,Dropdown,NART or NART Group,Presumption (without evidence) / Supplier declaration / Material declaration /  Laboratory analysis / Supplier declaration and material declaration / Supplier declaration and laboratory analysis / Material declaration and laboratory ananlysis,Keep information as requried in Report & Create PDF based in MDF formular from supplier.,,,
MDF,30,Full Material Declaration,Material 1,Substance Name,Comments from supplier,Yes,yes,manual entry by supplier,Freetext,NART or NART Group,Free text field from supplier,Keep information as requried in Report & Create PDF based in MDF formular from supplier.,,,
MDF,30,Full Material Declaration,Material 1,CAS No. ,Comments from supplier,Yes,yes,manual entry by supplier,Freetext,NART or NART Group,Free text field from supplier,Keep information as requried in Report & Create PDF based in MDF formular from supplier.,,,
MDF,30,Full Material Declaration,Material 1,"Substance concentration (in %)
The concentration of the substance as a percentage of the homogeneous mass of the material.",Comments from supplier,Yes,yes,manual entry by supplier,Freetext,NART or NART Group,Free text field from supplier,Keep information as requried in Report & Create PDF based in MDF formular from supplier.,,,
MDF,30,Full Material Declaration,Material 1,"Additional information
e.g. name of the product part where the substance is located, use of an applicable exception incl. number, measuring method.",Comments from supplier,Yes,yes,manual entry by supplier,Freetext,NART or NART Group,Free text field from supplier,Keep information as requried in Report & Create PDF based in MDF formular from supplier.,,,
MDF,30,Full Material Declaration,Material 2,Substance Name,Comments from supplier,Yes,yes,manual entry by supplier,Freetext,NART or NART Group,Free text field from supplier,Keep information as requried in Report & Create PDF based in MDF formular from supplier.,,,
MDF,30,Full Material Declaration,Material 2,CAS No. ,Comments from supplier,Yes,yes,manual entry by supplier,Freetext,NART or NART Group,Free text field from supplier,Keep information as requried in Report & Create PDF based in MDF formular from supplier.,,,
MDF,30,Full Material Declaration,Material 2,"Substance concentration (in %)
The concentration of the substance as a percentage of the homogeneous mass of the material.",Comments from supplier,Yes,yes,manual entry by supplier,Freetext,NART or NART Group,Free text field from supplier,Keep information as requried in Report & Create PDF based in MDF formular from supplier.,,,
MDF,30,Full Material Declaration,Material 2,"Additional information
e.g. name of the product part where the substance is located, use of an applicable exception incl. number, measuring method.",Comments from supplier,Yes,yes,manual entry by supplier,Freetext,NART or NART Group,Free text field from supplier,Keep information as requried in Report & Create PDF based in MDF formular from supplier.,,,
MDF,30,Full Material Declaration,Material 3,Substance Name,Comments from supplier,Yes,yes,manual entry by supplier,Freetext,NART or NART Group,Free text field from supplier,Keep information as requried in Report & Create PDF based in MDF formular from supplier.,,,
MDF,30,Full Material Declaration,Material 3,CAS No. ,Comments from supplier,Yes,yes,manual entry by supplier,Freetext,NART or NART Group,Free text field from supplier,Keep information as requried in Report & Create PDF based in MDF formular from supplier.,,,
MDF,30,Full Material Declaration,Material 3,"Substance concentration (in %)
The concentration of the substance as a percentage of the homogeneous mass of the material.",Comments from supplier,Yes,yes,manual entry by supplier,Freetext,NART or NART Group,Free text field from supplier,Keep information as requried in Report & Create PDF based in MDF formular from supplier.,,,
MDF,30,Full Material Declaration,Material 3,"Additional information
e.g. name of the product part where the substance is located, use of an applicable exception incl. number, measuring method.",Comments from supplier,Yes,yes,manual entry by supplier,Freetext,NART or NART Group,Free text field from supplier,Keep information as requried in Report & Create PDF based in MDF formular from supplier.,,,
MDF,30,Full Material Declaration,Material 4,Substance Name,Comments from supplier,Yes,yes,manual entry by supplier,Freetext,NART or NART Group,Free text field from supplier,Keep information as requried in Report & Create PDF based in MDF formular from supplier.,,,
MDF,30,Full Material Declaration,Material 4,CAS No. ,Comments from supplier,Yes,yes,manual entry by supplier,Freetext,NART or NART Group,Free text field from supplier,Keep information as requried in Report & Create PDF based in MDF formular from supplier.,,,
MDF,30,Full Material Declaration,Material 4,"Substance concentration (in %)
The concentration of the substance as a percentage of the homogeneous mass of the material.",Comments from supplier,Yes,yes,manual entry by supplier,Freetext,NART or NART Group,Free text field from supplier,Keep information as requried in Report & Create PDF based in MDF formular from supplier.,,,
MDF,30,Full Material Declaration,Material 4,"Additional information
e.g. name of the product part where the substance is located, use of an applicable exception incl. number, measuring method.",Comments from supplier,Yes,yes,manual entry by supplier,Freetext,NART or NART Group,Free text field from supplier,Keep information as requried in Report & Create PDF based in MDF formular from supplier.,,,
MDF,30,Full Material Declaration,Material 5,Substance Name,Comments from supplier,Yes,yes,manual entry by supplier,Freetext,NART or NART Group,Free text field from supplier,Keep information as requried in Report & Create PDF based in MDF formular from supplier.,,,
MDF,30,Full Material Declaration,Material 5,CAS No. ,Comments from supplier,Yes,yes,manual entry by supplier,Freetext,NART or NART Group,Free text field from supplier,Keep information as requried in Report & Create PDF based in MDF formular from supplier.,,,
MDF,30,Full Material Declaration,Material 5,"Substance concentration (in %)
The concentration of the substance as a percentage of the homogeneous mass of the material.",Comments from supplier,Yes,yes,manual entry by supplier,Freetext,NART or NART Group,Free text field from supplier,Keep information as requried in Report & Create PDF based in MDF formular from supplier.,,,
MDF,30,Full Material Declaration,Material 5,"Additional information
e.g. name of the product part where the substance is located, use of an applicable exception incl. number, measuring method.",Comments from supplier,Yes,yes,manual entry by supplier,Freetext,NART or NART Group,Free text field from supplier,Keep information as requried in Report & Create PDF based in MDF formular from supplier.,,,
MDF,30,Full Material Declaration,Material 6,Substance Name,Comments from supplier,Yes,yes,manual entry by supplier,Freetext,NART or NART Group,Free text field from supplier,Keep information as requried in Report & Create PDF based in MDF formular from supplier.,,,
MDF,30,Full Material Declaration,Material 6,CAS No. ,Comments from supplier,Yes,yes,manual entry by supplier,Freetext,NART or NART Group,Free text field from supplier,Keep information as requried in Report & Create PDF based in MDF formular from supplier.,,,
MDF,30,Full Material Declaration,Material 6,"Substance concentration (in %)
The concentration of the substance as a percentage of the homogeneous mass of the material.",Comments from supplier,Yes,yes,manual entry by supplier,Freetext,NART or NART Group,Free text field from supplier,Keep information as requried in Report & Create PDF based in MDF formular from supplier.,,,
MDF,30,Full Material Declaration,Material 6,"Additional information
e.g. name of the product part where the substance is located, use of an applicable exception incl. number, measuring method.",Comments from supplier,Yes,yes,manual entry by supplier,Freetext,NART or NART Group,Free text field from supplier,Keep information as requried in Report & Create PDF based in MDF formular from supplier.,,,
MDF,30,Full Material Declaration,Material 7,Substance Name,Comments from supplier,Yes,yes,manual entry by supplier,Freetext,NART or NART Group,Free text field from supplier,Keep information as requried in Report & Create PDF based in MDF formular from supplier.,,,
MDF,30,Full Material Declaration,Material 7,CAS No. ,Comments from supplier,Yes,yes,manual entry by supplier,Freetext,NART or NART Group,Free text field from supplier,Keep information as requried in Report & Create PDF based in MDF formular from supplier.,,,
MDF,30,Full Material Declaration,Material 7,"Substance concentration (in %)
The concentration of the substance as a percentage of the homogeneous mass of the material.",Comments from supplier,Yes,yes,manual entry by supplier,Freetext,NART or NART Group,Free text field from supplier,Keep information as requried in Report & Create PDF based in MDF formular from supplier.,,,
MDF,30,Full Material Declaration,Material 7,"Additional information
e.g. name of the product part where the substance is located, use of an applicable exception incl. number, measuring method.",Comments from supplier,Yes,yes,manual entry by supplier,Freetext,NART or NART Group,Free text field from supplier,Keep information as requried in Report & Create PDF based in MDF formular from supplier.,,,
MDF,30,Full Material Declaration,Material 8,Substance Name,Comments from supplier,Yes,yes,manual entry by supplier,Freetext,NART or NART Group,Free text field from supplier,Keep information as requried in Report & Create PDF based in MDF formular from supplier.,,,
MDF,30,Full Material Declaration,Material 8,CAS No. ,Comments from supplier,Yes,yes,manual entry by supplier,Freetext,NART or NART Group,Free text field from supplier,Keep information as requried in Report & Create PDF based in MDF formular from supplier.,,,
MDF,30,Full Material Declaration,Material 8,"Substance concentration (in %)
The concentration of the substance as a percentage of the homogeneous mass of the material.",Comments from supplier,Yes,yes,manual entry by supplier,Freetext,NART or NART Group,Free text field from supplier,Keep information as requried in Report & Create PDF based in MDF formular from supplier.,,,
MDF,30,Full Material Declaration,Material 8,"Additional information
e.g. name of the product part where the substance is located, use of an applicable exception incl. number, measuring method.",Comments from supplier,Yes,yes,manual entry by supplier,Freetext,NART or NART Group,Free text field from supplier,Keep information as requried in Report & Create PDF based in MDF formular from supplier.,,,
MDF,30,Full Material Declaration,Material 9,Substance Name,Comments from supplier,Yes,yes,manual entry by supplier,Freetext,NART or NART Group,Free text field from supplier,Keep information as requried in Report & Create PDF based in MDF formular from supplier.,,,
MDF,30,Full Material Declaration,Material 9,CAS No. ,Comments from supplier,Yes,yes,manual entry by supplier,Freetext,NART or NART Group,Free text field from supplier,Keep information as requried in Report & Create PDF based in MDF formular from supplier.,,,
MDF,30,Full Material Declaration,Material 9,"Substance concentration (in %)
The concentration of the substance as a percentage of the homogeneous mass of the material.",Comments from supplier,Yes,yes,manual entry by supplier,Freetext,NART or NART Group,Free text field from supplier,Keep information as requried in Report & Create PDF based in MDF formular from supplier.,,,
MDF,30,Full Material Declaration,Material 9,"Additional information
e.g. name of the product part where the substance is located, use of an applicable exception incl. number, measuring method.",Comments from supplier,Yes,yes,manual entry by supplier,Freetext,NART or NART Group,Free text field from supplier,Keep information as requried in Report & Create PDF based in MDF formular from supplier.,,,
MDF,30,Full Material Declaration,Material 10,Substance Name,Comments from supplier,Yes,yes,manual entry by supplier,Freetext,NART or NART Group,Free text field from supplier,Keep information as requried in Report & Create PDF based in MDF formular from supplier.,,,
MDF,30,Full Material Declaration,Material 10,CAS No. ,Comments from supplier,Yes,yes,manual entry by supplier,Freetext,NART or NART Group,Free text field from supplier,Keep information as requried in Report & Create PDF based in MDF formular from supplier.,,,
MDF,30,Full Material Declaration,Material 10,"Substance concentration (in %)
The concentration of the substance as a percentage of the homogeneous mass of the material.",Comments from supplier,Yes,yes,manual entry by supplier,Freetext,NART or NART Group,Free text field from supplier,Keep information as requried in Report & Create PDF based in MDF formular from supplier.,,,
MDF,30,Full Material Declaration,Material 10,"Additional information
e.g. name of the product part where the substance is located, use of an applicable exception incl. number, measuring method.",Comments from supplier,Yes,yes,manual entry by supplier,Freetext,NART or NART Group,Free text field from supplier,Keep information as requried in Report & Create PDF based in MDF formular from supplier.,,,
MDF,31,Sustainability data (currently optional),Share of virgin fossil material,Substance concentration (in %),Comments from supplier,Yes,yes,manual entry by supplier,Freetext,NART or NART Group,Free text field from supplier,Keep information as requried in Report & Create PDF based in MDF formular from supplier.,,,
MDF,31,Sustainability data (currently optional),Share of virgin fossil material,"Additional information
Source of the recycled material (e.g., post-industrial vs. post consumer), type of recycling (e.g., mechanical), type of certification (e.g., ISCC, mass balanced), measuring method, etc.",Comments from supplier,Yes,yes,manual entry by supplier,Freetext,NART or NART Group,Free text field from supplier,Keep information as requried in Report & Create PDF based in MDF formular from supplier.,,,
MDF,31,Sustainability data (currently optional),Share of virgin bio-based material,Substance concentration (in %),Comments from supplier,Yes,yes,manual entry by supplier,Freetext,NART or NART Group,Free text field from supplier,Keep information as requried in Report & Create PDF based in MDF formular from supplier.,,,
MDF,31,Sustainability data (currently optional),Share of virgin bio-based material,"Additional information
Source of the recycled material (e.g., post-industrial vs. post consumer), type of recycling (e.g., mechanical), type of certification (e.g., ISCC, mass balanced), measuring method, etc.",Comments from supplier,Yes,yes,manual entry by supplier,Freetext,NART or NART Group,Free text field from supplier,Keep information as requried in Report & Create PDF based in MDF formular from supplier.,,,
MDF,31,Sustainability data (currently optional),Share of virgin other material,Substance concentration (in %),Comments from supplier,Yes,yes,manual entry by supplier,Freetext,NART or NART Group,Free text field from supplier,Keep information as requried in Report & Create PDF based in MDF formular from supplier.,,,
MDF,31,Sustainability data (currently optional),Share of virgin other material,"Additional information
Source of the recycled material (e.g., post-industrial vs. post consumer), type of recycling (e.g., mechanical), type of certification (e.g., ISCC, mass balanced), measuring method, etc.",Comments from supplier,Yes,yes,manual entry by supplier,Freetext,NART or NART Group,Free text field from supplier,Keep information as requried in Report & Create PDF based in MDF formular from supplier.,,,
MDF,31,Sustainability data (currently optional),Share of recycled material,Substance concentration (in %),Comments from supplier,Yes,yes,manual entry by supplier,Freetext,NART or NART Group,Free text field from supplier,Keep information as requried in Report & Create PDF based in MDF formular from supplier.,,,
MDF,31,Sustainability data (currently optional),Share of recycled material,"Additional information
Source of the recycled material (e.g., post-industrial vs. post consumer), type of recycling (e.g., mechanical), type of certification (e.g., ISCC, mass balanced), measuring method, etc.",Comments from supplier,Yes,yes,manual entry by supplier,Freetext,NART or NART Group,Free text field from supplier,Keep information as requried in Report & Create PDF based in MDF formular from supplier.,,,
MDF,31,Sustainability data (currently optional),Share of bio-based from agricultural waste/residue,Substance concentration (in %),Comments from supplier,Yes,yes,manual entry by supplier,Freetext,NART or NART Group,Free text field from supplier,Keep information as requried in Report & Create PDF based in MDF formular from supplier.,,,
MDF,31,Sustainability data (currently optional),Share of bio-based from agricultural waste/residue,"Additional information
Source of the recycled material (e.g., post-industrial vs. post consumer), type of recycling (e.g., mechanical), type of certification (e.g., ISCC, mass balanced), measuring method, etc.",Comments from supplier,Yes,yes,manual entry by supplier,Freetext,NART or NART Group,Free text field from supplier,Keep information as requried in Report & Create PDF based in MDF formular from supplier.,,,
MDF,31,Sustainability data (currently optional),Share of other circular material feedstock,Substance concentration (in %),Comments from supplier,Yes,yes,manual entry by supplier,Freetext,NART or NART Group,Free text field from supplier,Keep information as requried in Report & Create PDF based in MDF formular from supplier.,,,
MDF,31,Sustainability data (currently optional),Share of other circular material feedstock,"Additional information
Source of the recycled material (e.g., post-industrial vs. post consumer), type of recycling (e.g., mechanical), type of certification (e.g., ISCC, mass balanced), measuring method, etc.",Comments from supplier,Yes,yes,manual entry by supplier,Freetext,NART or NART Group,Free text field from supplier,Keep information as requried in Report & Create PDF based in MDF formular from supplier.,,,
SDS,1,SDS ,SDS,Listed the impacted NARTs,Connection between SDS file to tesa NARTs,Yes,no,input should come from tesa connected to mass upload or single workflow. ,Information field,NART or NART Group,Text within NARTs,Keep information as requried in Report & Upload SDS from supplier in sharepoint. ,,,Mandatory
SDS,1,SDS ,SDS,SDS file Upload or LINK to online file,SDS docuement,Yes,yes,manual entry by supplier,Docuement upload or Lin to automatic download from internet,NART or NART Group,Docuement upload or Lin to automatic download from internet,Keep information as requried in Report & Upload SDS from supplier in sharepoint. ,,,Mandatory
PCF,1,Corporate report,Sustainability / ESG Report Upload – Submission,Information from supplier avaliable?,"Supplier can select if information is avaliable for Chapter 1 or not. If not lines 3-6 will be not requried. If yes, Lines 3-6 will be mandatory to be answered by supplier. ",Yes,yes,manual entry by supplier,Check box,supplier,Supplier portal chapter selection,Keep information as requried in report & Create PDF based in PCF formular from supplier including attachments,Must exist,Selection if the information is avaliable. ,Mandatory
PCF,1,Corporate report,Sustainability / ESG Report Upload – Submission,Supplier (SupplierID),Identify submitting supplier,Yes,no,Supplier Portal,Information field,supplier,SAP master data / procurement context,Keep information as requried in report & Create PDF based in PCF formular from supplier including attachments,Must exist,"Routing, linking",
PCF,1,Corporate report,Sustainability / ESG Report Upload – Submission,Reporting year,Which year the report covers,Yes,yes,manual entry by supplier,Dropdown,supplier,Last 6 years + current year,Keep information as requried in report & Create PDF based in PCF formular from supplier including attachments,Must be 4-digit year,"Trend analysis, governance",Small manual input that improves search & automation
PCF,1,Corporate report,Sustainability / ESG Report Upload – Submission,Document file(s),ESG / sustainability report evidence,Yes,yes,manual entry by supplier,File upload,supplier,Supplier file picker,Keep information as requried in report & Create PDF based in PCF formular from supplier including attachments,Allowed types; virus scan,"Extraction (targets, policies), evidence store",
PCF,1,Corporate report,Sustainability / ESG Report Upload – Submission,Supplier comment (optional),"Short message to clarify context (e.g., which product variants)",Yes,yes,manual entry by supplier,Short text,supplier,Free text,Keep information as requried in report & Create PDF based in PCF formular from supplier including attachments,Max length; no sensitive data guidance,Triage / exception handling,Optional; avoids forcing duplication of document content
PCF,2,GHG & Energy,GHG / Energy Evidence Upload – Submission,Information from supplier avaliable?,"Supplier can select if information is avaliable for Chapter 2 or not. If not lines 8-10 will be not requried. If yes, Lines 8-10 will be mandatory to be answered by supplier. ",Yes,yes,manual entry by supplier,Check box,supplier,Supplier portal chapter selection,Keep information as requried in report & Create PDF based in PCF formular from supplier including attachments,Must exist,Selection if the information is avaliable. ,Mandatory
PCF,2,GHG & Energy,GHG / Energy Evidence Upload – Submission,Evidence type,"Classify evidence for correct extraction (inventory, contract, certificate, audit, etc.)",Yes,yes,manual entry by supplier,Dropdown,supplier,GHG inventory/report; Assurance statement; Energy consumption report; Renewable electricity contract/PPA; EAC/GoO/REC certificate; Energy audit; Decarbonization roadmap/transition plan; Other supporting evidence,Keep information as requried in report & Create PDF based in PCF formular from supplier including attachments,Required; one per upload (or support multiple docs with same type),Route to correct extraction workflow,Prevents misclassification and rework
PCF,2,GHG & Energy,GHG / Energy Evidence Upload – Submission,Document file(s),Evidence document(s),Yes,yes,manual entry by supplier,File upload,supplier,Supplier file picker,Keep information as requried in report & Create PDF based in PCF formular from supplier including attachments,Allowed types; virus scan,"Extraction (claims, years, sites), evidence store",
PCF,2,GHG & Energy,GHG / Energy Evidence Upload – Submission,Supplier comment (optional),"Short message to clarify context (e.g., which product variants)",Yes,yes,manual entry by supplier,Short text,supplier,Free text,Keep information as requried in report & Create PDF based in PCF formular from supplier including attachments,Max length; no sensitive data guidance,Triage / exception handling,Optional; avoids forcing duplication of document content
PCF,3,PCF,PCF Upload – Submission,Information from supplier avaliable?,"Supplier can select if information is avaliable for Chapter 3 or not. If not lines 12-17 will be not requried. If yes, Lines 12-17 will be mandatory to be answered by supplier. ",Yes,yes,manual entry by supplier,Check box,NART or NART Group,Supplier portal chapter selection,Keep information as requried in report & Create PDF based in PCF formular from supplier including attachments,Must exist,Selection if the information is avaliable. ,Mandatory
PCF,3,PCF,PCF Upload – Submission,Supplier selection impacted NARTS,Selected NART specific data or the inquiry,Yes,no,Information field (Part of the input from buyer by creating the inquiry workflow in supplier portal.,Information field,NART or NART Group,SAP master data / procurement context,Keep information as requried in report & Create PDF based in PCF formular from supplier including attachments,NART list from SAP avaliable for supplier selction. Must exist; cannot be edited by supplier,"Routing, access control, linking submissions",Prefilled to avoid supplier effort
PCF,3,PCF,PCF Upload – Submission,Submission ID / Workflow number,Unique identifier for the upload event,Yes,yes,manual entry by supplier,System-generated,NART or NART Group,Auto,Keep information as requried in report & Create PDF based in PCF formular from supplier including attachments,"Auto-generated (Format: ""YYYYMMDD_HHMMSS_SupplierID""); immutable","Audit trail, versioning",Ensures traceability
PCF,3,PCF,PCF Upload – Submission,Document file(s),PCF evidence document(s) to be parsed and audited,Yes,yes,manual entry by supplier,File upload,NART or NART Group,Supplier file picker,Keep information as requried in report & Create PDF based in PCF formular from supplier including attachments,Allowed types: PDF/DOCX/XLSX; virus scan; size limits,"Extraction, usability checks, audit evidence store",Evidence-first: avoids free-text claims
PCF,3,PCF,PCF Upload – Submission,Applies to purchased NART(s),Link PCF to the relevant tesa purchased category(ies),Yes,yes,manual entry by supplier,Multi-select dropdown,NART or NART Group,SAP master data / procurement context,Keep information as requried in report & Create PDF based in PCF formular from supplier including attachments,Must select ≥1; only show NARTs relevant to supplier if available,"EF mapping, allocation, hotspotting, forecasting inputs",Manual because NART mapping is tesa-specific; reduces extraction ambiguity
PCF,3,PCF,PCF Upload – Submission,Confidentiality level,Controls internal sharing/visibility of uploaded PCF,Yes,yes,manual entry by supplier,Dropdown,NART or NART Group,Fixed list: Public / tesa-only / NDA-restricted,Keep information as requried in report & Create PDF based in PCF formular from supplier including attachments,Default tesa-only; restrict download if NDA-restricted,"Governance, access control",Protects supplier trust; avoids later rework
PCF,3,PCF,PCF Upload – Submission,Supplier comment (optional),"Short message to clarify context (e.g., which product variants)",Yes,yes,manual entry by supplier,Short text,NART or NART Group,Free text,Keep information as requried in report & Create PDF based in PCF formular from supplier including attachments,Max length; no sensitive data guidance,Triage / exception handling,Optional; avoids forcing duplication of document content
PCF,3,PCF,PCF Upload – Submission,Site name,Supplier site identifier (human-readable),Yes,yes,manual entry by supplier,Freetext,NART or NART Group,Supplier,Keep information as requried in report & Create PDF based in PCF formular from supplier including attachments,Non-empty; uniqueness recommended per supplier,"Site-level mapping, allocation",Cannot be reliably extracted due to naming variance
PCF,3,PCF,PCF Upload – Submission,Country,Site country for geography logic,Yes,yes,manual entry by supplier,Dropdown,NART or NART Group,ISO country list,Keep information as requried in report & Create PDF based in PCF formular from supplier including attachments,Required; ISO-coded,"Regional grid factors, plausibility checks",
PCF,3,PCF,PCF Upload – Submission,Rough share of tesa-relevant output by NART (optional),Optional indicative split if multiple NARTs/site,No,yes,manual entry by supplier,Dropdown,NART or NART Group,0–25/25–50/50–75/75–100,Keep information as requried in report & Create PDF based in PCF formular from supplier including attachments,"If multiple NARTs, show per-NART band","Allocation plausibility, prioritization",Keeps supplier burden low while improving allocation integrity
Certificates,1,Certificates,Certificates,Certificate selection,Supplier must informed the way this topic has been confirmed,Yes,yes,manual entry by supplier,Dropdown,Supplier,"ISO 9001 - Quality Management  / ISO 14001 - Environmental Management / ISO 45001 - Occupational, Health & Safety  / ISO 50001 - Energy Management / IATF 16949 - Automotive Quality Management Standard ",Keep information as requrierd in report & save certificate attched sharepoint,,,Mandatory
Certificates,1,Certificates,Certificates,Certificate for supplier entity,Comments from supplier,Yes,yes,manual entry by supplier,Freetext,Supplier,Free text field from supplier,Keep information as requrierd in report & save certificate attched sharepoint,,,Mandatory
Certificates,1,Certificates,Certificates,Certificate valid until,Date for valid of certificates,Yes,yes,manual entry by supplier,Date,Supplier,DD/MM/YYYY,Keep information as requrierd in report & save certificate attched sharepoint,,,Mandatory
Certificates,1,Certificates,Certificates,Certificate file Upload or LINK to online file,SDS docuement,Yes,yes,manual entry by supplier,Docuement upload or Lin to automatic download from internet,Supplier,Docuement upload or Lin to automatic download from internet,Keep information as requrierd in report & save certificate attched sharepoint,,,Mandatory
